Workbook

Sheet Gantt
A3: Project Name: | B3: MTA Daily Ridership – Recovery Analysis & Forecast (DEPI Data Analysis Track)
A4: Project Start: | B4: 46299
A5: Plan End (Phase 2): | B5: 46332
A6: weeks in progress: | B6: =ROUNDUP((B5-B4)/7,0) -> 5
H7: =B4 -> 46299 | I7: =H7+7 -> 46306 | J7: =I7+7 -> 46313 | K7: =J7+7 -> 46320 | L7: =K7+7 -> 46327
A8: Phase | B8: Tasks | C8: Responsible Person | D8: Start Date | E8: End Date | F8: Days | G8: Status | H8: 1 | I8: =H8+1 -> 2 | J8: =I8+1 -> 3 | K8: =J8+1 -> 4 | L8: =K8+1 -> 5
A9: Phase 1 – Management, Planning & Requirements (Due 16 Oct) | D9: =MIN(D10:D16) -> 46299 | E9: =MAX(E10:E16) -> 46311 | F9: =E9-D9+1 -> 13
B10: Create GitHub repo and add all members | C10: Salem | D10: 46299 | E10: 46301 | F10: =E10-D10+1 -> 3 | G10: Done
B11: Project Proposal (overview, problem, objectives, scope) | C11: Salem | D11: 46300 | E11: 46307 | F11: =E11-D11+1 -> 8 | G11: Done
B12: Gantt Chart, task distribution & risk plan | C12: Dalia | D12: 46300 | E12: 46307 | F12: =E12-D12+1 -> 8 | G12: Done
B13: KPIs and success measures | C13: Rana | D13: 46300 | E13: 46307 | F13: =E13-D13+1 -> 8 | G13: Done
B14: Requirements (stakeholders, user stories, FR/NFR) | C14: Mohamed | D14: 46300 | E14: 46307 | F14: =E14-D14+1 -> 8 | G14: Done
B15: Group review of all Phase 1 documents | C15: All Team | D15: 46308 | E15: 46309 | F15: =E15-D15+1 -> 2 | G15: Done
B16: Upload to GitHub and submit Phase 1 | C16: All Team | D16: 46310 | E16: 46311 | F16: =E16-D16+1 -> 2 | G16: Done
A17: Phase 2 – Design & Analysis (Due 6 Nov) | D17: =MIN(D18:D27) -> 46312 | E17: =MAX(E18:E27) -> 46332 | F17: =E17-D17+1 -> 21
B18: Final problem statement and objectives | C18: Salem | D18: 46312 | E18: 46315 | F18: =E18-D18+1 -> 4 | G18: Not Started
B19: Tech stack (tools and GitHub structure) | C19: Mohamed | D19: 46314 | E19: 46317 | F19: =E19-D19+1 -> 4 | G19: Not Started
B20: Use Case diagram | C20: Rana | D20: 46314 | E20: 46323 | F20: =E20-D20+1 -> 10 | G20: In Progress
B21: ERD (star schema: fact + Dim_Date + Dim_Mode) | C21: Mira | D21: 46314 | E21: 46325 | F21: =E21-D21+1 -> 12 | G21: Not Started
B22: DFD (source → cleaning → analysis → dashboard) | C22: Mohamed | D22: 46317 | E22: 46325 | F22: =E22-D22+1 -> 9 | G22: Not Started
B23: Wireframe: Overview page | C23: Dalia | D23: 46321 | E23: 46329 | F23: =E23-D23+1 -> 9 | G23: In Progress
B24: Wireframe: Recovery page | C24: Dalia | D24: 46321 | E24: 46329 | F24: =E24-D24+1 -> 9 | G24: In Progress
B25: Wireframe: Patterns page | C25: Dalia | D25: 46321 | E25: 46329 | F25: =E25-D25+1 -> 9 | G25: In Progress
B26: Wireframe: Forecast page | C26: Dalia | D26: 46321 | E26: 46329 | F26: =E26-D26+1 -> 9 | G26: In Progress
B27: Group review and upload Phase 2 | C27: All Team | D27: 46330 | E27: 46332 | F27: =E27-D27+1 -> 3 | G27: Not Started
A29: Legend:
A32: official deadlines (16 Oct and 6 Nov). Phases 3 and 4 will be added later.

Sheet Task Distribution
A1: Task Distribution
A3: Member | B3: Phase 1,2 deliverable | C3: Total tasks | D3: In Progress | E3: Done | F3: % Done
A4: Salem | B4: Project Proposal + GitHub repo + Final problem statement and objectives | C4: =COUNTIF(Gantt!$C$9:$C$27,A4) -> 3 | D4: =COUNTIFS(Gantt!$C$9:$C$27,A4,Gantt!$G$9:$G$27,"In Progress") -> 0 | E4: =COUNTIFS(Gantt!$C$9:$C$27,A4,Gantt!$G$9:$G$27,"Done") -> 2 | F4: =IF(C4=0,0,E4/C4) -> 0.66666667
A5: Dalia | B5: Gantt chart, task distribution, risk plan +Wireframes(4 Pages) | C5: =COUNTIF(Gantt!$C$9:$C$27,A5) -> 5 | D5: =COUNTIFS(Gantt!$C$9:$C$27,A5,Gantt!$G$9:$G$27,"In Progress") -> 4 | E5: =COUNTIFS(Gantt!$C$9:$C$27,A5,Gantt!$G$9:$G$27,"Done") -> 1 | F5: =IF(C5=0,0,E5/C5) -> 0.2
A6: Mohamed | B6: Requirements (stakeholders, user stories, FR/NFR) + Tech stack + DFD | C6: =COUNTIF(Gantt!$C$9:$C$27,A6) -> 3 | D6: =COUNTIFS(Gantt!$C$9:$C$27,A6,Gantt!$G$9:$G$27,"In Progress") -> 0 | E6: =COUNTIFS(Gantt!$C$9:$C$27,A6,Gantt!$G$9:$G$27,"Done") -> 1 | F6: =IF(C6=0,0,E6/C6) -> 0.33333333
A7: Rana | B7: KPIs and success measures + Use Case diagram | C7: =COUNTIF(Gantt!$C$9:$C$27,A7) -> 2 | D7: =COUNTIFS(Gantt!$C$9:$C$27,A7,Gantt!$G$9:$G$27,"In Progress") -> 1 | E7: =COUNTIFS(Gantt!$C$9:$C$27,A7,Gantt!$G$9:$G$27,"Done") -> 1 | F7: =IF(C7=0,0,E7/C7) -> 0.5
A8: Mira | B8: ERD (Joined after the Phase 1 split ) | C8: =COUNTIF(Gantt!$C$9:$C$27,A8) -> 1 | D8: =COUNTIFS(Gantt!$C$9:$C$27,A8,Gantt!$G$9:$G$27,"In Progress") -> 0 | E8: =COUNTIFS(Gantt!$C$9:$C$27,A8,Gantt!$G$9:$G$27,"Done") -> 0 | F8: =IF(C8=0,0,E8/C8) -> 0
A9: All Team | B9: Group tasks (reviews, submissions) | C9: =COUNTIF(Gantt!$C$9:$C$27,A9) -> 3 | D9: =COUNTIFS(Gantt!$C$9:$C$27,A9,Gantt!$G$9:$G$27,"In Progress") -> 0 | E9: =COUNTIFS(Gantt!$C$9:$C$27,A9,Gantt!$G$9:$G$27,"Done") -> 2 | F9: =IF(C9=0,0,E9/C9) -> 0.66666667
A10: Total | C10: =SUM(C4:C9) -> 17 | D10: =SUM(D4:D9) -> 5 | E10: =SUM(E4:E9) -> 7 | F10: =IF(C10=0,0,E10/C10) -> 0.41176471
A12: Counts update automatically from the Gantt sheet (names must match the 'Responsible Person' column).

Sheet Risk Plan
A1: Risk Plan
A2: Probability and Impact: 1 = Low, 2 = Medium, 3 = High. Score = Probability × Impact (1–2 Low, 3–4 Medium, 6–9 High).
A4: ID | B4: Risk | C4: Probability | D4: Impact | E4: Score | F4: Level | G4: Status | H4: Mitigation / Response | I4: Owner
A5: R1 | B5: A team member leaves or becomes inactive | C5: 2 | D5: 3 | E5: =C5*D5 -> 6 | F5: =IF(E5>=6,"High",IF(E5>=3,"Medium","Low")) -> High | G5: Happened | H5: One member left the group. Tasks were redistributed across five members after a new member joined, and every role is documented in the Gantt. If it happens again: redistribute within 48 hours and inform the trainer. | I5: Salem
A6: R2 | B6: A deadline is missed (16 Oct, 6 Nov, 30 Nov, 4 Dec) | C6: 2 | D6: 3 | E6: =C6*D6 -> 6 | F6: =IF(E6>=6,"High",IF(E6>=3,"Medium","Low")) -> High | G6: Open | H6: Internal draft deadlines 3–4 days before each official date; weekly meeting; anyone blocked says so early in the group. | I6: Salem
A7: R3 | B7: Data model delivered late blocks all dashboard pages | C7: 2 | D7: 3 | E7: =C7*D7 -> 6 | F7: =IF(E7>=6,"High",IF(E7>=3,"Medium","Low")) -> High | G7: Open | H7: The cleaned model is due on 12 Nov. Meanwhile the others work on wireframes and draft measures; escalate in the group if it is not shared by 12 Nov. | I7: All Team
A8: R4 | B8: Forecast accuracy is low | C8: 2 | D8: 2 | E8: =C8*D8 -> 4 | F8: =IF(E8>=6,"High",IF(E8>=3,"Medium","Low")) -> Medium | G8: Open | H8: Use 2022 onward only (exclude COVID years); backtest on the last 3 months; compare with a same-month-last-year baseline; document limits honestly. | I8: All Team
A9: R5 | B9: Power BI files conflict when pages are merged | C9: 3 | D9: 2 | E9: =C9*D9 -> 6 | F9: =IF(E9>=6,"High",IF(E9>=3,"Medium","Low")) -> High | G9: Open | H9: One person owns and merges the main .pbix; everyone builds from the same cleaned model; name versions with the date. | I9: All Team
A10: R6 | B10: Data quality issues (zero values in Staten Island, different units for Access-A-Ride and Bridges & Tunnels) | C10: 3 | D10: 1 | E10: =C10*D10 -> 3 | F10: =IF(E10>=6,"High",IF(E10>=3,"Medium","Low")) -> Medium | G10: Open | H10: Treat the zero days as missing; show different units separately; document every cleaning step. | I10: All Team
A11: R7 | B11: GitHub mistakes or an unclear commit history | C11: 2 | D11: 2 | E11: =C11*D11 -> 4 | F11: =IF(E11>=6,"High",IF(E11>=3,"Medium","Low")) -> Medium | G11: Open | H11: One person creates the repo and a short how-to; everyone tests one push in week 1; clear commit messages per member. | I11: Salem
A12: R8 | B12: Unequal workload or invisible individual contribution | C12: 2 | D12: 2 | E12: =C12*D12 -> 4 | F12: =IF(E12>=6,"High",IF(E12>=3,"Medium","Low")) -> Medium | G12: Open | H12: Per-person tasks in the Gantt; weekly check-in; every member explains their own part before the final presentation. | I12: All Team
A13: R9 | B13: Skill gaps (DAX, forecasting in Power BI) | C13: 2 | D13: 2 | E13: =C13*D13 -> 4 | F13: =IF(E13>=6,"High",IF(E13>=3,"Medium","Low")) -> Medium | G13: Open | H13: Weekly short knowledge-sharing; use Power BI's built-in forecast first; ask the trainer when stuck. | I13: All Team
A14: R10 | B14: New member needs onboarding | C14: 2 | D14: 1 | E14: =C14*D14 -> 2 | F14: =IF(E14>=6,"High",IF(E14>=3,"Medium","Low")) -> Low | G14: Open | H14: Short briefing on the project and data; a clear first task; review of the Phase 1 files. | I14: Salem
